American,t3_etsztz
Amherst,t3_etszzd
Arizona State,t3_ett083
Auburn University,t3_ett1n5
Babson,t3_ett1sn
Barnard,t3_ett1wv
Bates,t3_ett21c
Baylor,t3_ett25z
Bentley University,t3_ewx93v
Boston College,t3_ett2ix
Boston University,t3_ett2on
Bowdoin,t3_ett2te
Brandeis University,t3_ewx6m2
Brown,t3_ett32z
Bucknell,t3_ett3dt
Cal Poly Pomona,t3_ewx3i8
Cal Poly SLO,t3_ewx3an
Caltech,t3_ett3q0
Cambridge University,t3_ewx7tx
Other Cal States,t3_ewx4cy
Carleton,t3_ett3vp
Carnegie Mellon,t3_ett42o
Case Western Reserve,t3_ettkwj
Chapman,t3_ett4lg
Claremont McKenna,t3_ettl3l
Clarkson University,t3_ewx795
Clemson,t3_ettlb2
Colby,t3_ettlg4
Colgate,t3_ettlka
College of the Holy Cross,t3_ewx637
Colorado College,t3_ettlx6
Colorado School of Mines,t3_ettm1n
Colorado Boulder,t3_ettm9f
Columbia,t3_ettmh8
College of Charleston,t3_ettmm8
Cornell,t3_ettms3
Dartmouth,t3_ettmwp
Davidson,t3_ettn5u
Drexel,t3_ettndo
Duke,t3_ettnij
Elon,t3_ettnni
Embry Riddle,t3_ettnvx
Emerson,t3_ewx8vw
Emory,t3_etto2l
Fairfield University,t3_ettoa4
Fordham,t3_ettofj
FSU,t3_ettopr
Franklin and Marshall College,t3_ewx556
Gonzaga University,t3_ewxlvg
Georgetown,t3_ettowc
George Washington,t3_ettp25
Georgia Tech,t3_etu01d
Grinnell,t3_ettq7k
Hamilton College,t3_ewx7fb
Harvard,t3_ettvrh
Harvey Mudd,t3_ettvzm
Haverford College,t3_ewx8c2
Illinois Institute of Technology,t3_ewx7yd
IU Bloomington,t3_etu0gf
James Madison,t3_etu0rh
Johns Hopkins,t3_etu0y5
Kenyon College,t3_ewx4ue
Lafayette,t3_etu12c
Lehigh,t3_etu17d
Lewis and Clark College,t3_ewx6bd
Loyola Marymount University,t3_etu1d4
Macalester,t3_etu1i2
McGill Univesity,t3_etw2tg
Miami University,t3_etu1ni
Michigan State,t3_etu1sv
Middlebury,t3_etu1yh
MIT,t3_etu22x
Mount Holyoke,t3_etu28n
NC State,t3_etu2ds
New York University,t3_etu2jo
Northeastern,t3_etu2sh
Northwestern,t3_etu2yl
Notre Dame,t3_etu345
Oberlin College,t3_ewx70j
Occidental College,t3_ewx7j4
Ohio State,t3_etu3nz
Oxford University,t3_ewx7o5
Penn State,t3_etu3uc
Pitt,t3_etu408
Pomona,t3_etu45b
Princeton,t3_etu4kf
Purdue,t3_etu4pw
Reed,t3_etu4vn
Rice,t3_etu51n
RISD,t3_fe8y6f
RIT,t3_etu57u
RPI,t3_etu5bc
Rutgers,t3_etu5fx
San Diego State University (SDSU),t3_ewx482
San Jose State University (SJSU),t3_ewx3zq
Santa Clara,t3_etu5ki
Sarah Lawrence,t3_etujlr
Seattle University,t3_ewx67b
Skidmore,t3_etu5p0
Smith,t3_etu5t9
SMU,t3_etu5z5
Stanford,t3_etu651
St. John's College,t3_etu69j
SUNYs,t3_etu6ed
Swarthmore,t3_etu6ii
Syracuse,t3_etu6mf
TCU,t3_etu762
Temple,t3_etu7dk
Texas A&M,t3_etu7jp
Trinity College,t3_etu7oh
Trinity University,t3_etu7u0
Tufts,t3_etu7zk
Tulane,t3_etu83s
University of British Columbia,t3_etw2at
UC Berkeley,t3_etw0aq
UCLA,t3_etw0h4
UC San Diego,t3_etw0n8
UC Santa Barbara,t3_etw0tl
UC Irvine,t3_etw0z6
UC Davis,t3_etw16d
UC Santa Cruz,t3_etw1bn
UC Riverside,t3_etw1gr
UC Merced,t3_etw1qk
UChicago,t3_etu8bc
UConn,t3_etu8gu
University of Florida,t3_ewx36l
University of Georgia (UGA),t3_ewx83d
UIUC,t3_etu8m9
UMD,t3_etu8q0
UMich,t3_etu8tw
UNC,t3_etu97y
University of Massachusetts Amherst,t3_etu9e9
University of Miami,t3_etu9ir
University of Minnesota,t3_etu9o8
University of Oregon,t3_ewx99f
University of the Pacific,t3_ewx90b
University of Portland,t3_ewx6sc
University of Richmond,t3_etu9sp
University of Rochester,t3_etu9ys
University of San Francisco,t3_etua3n
University of Southern California (USC),t3_etvy34
University of South Carolina,t3_etua7u
UToronto,t3_etuaf4
University of Vermont,t3_etuaku
University of Washington,t3_etuju2
University of Wisconsin,t3_etuapo
UPenn,t3_etuaue
UT Austin,t3_etub3k
UT Dallas,t3_etub7l
UVA,t3_etubd2
Vanderbilt,t3_etubm4
Vassar,t3_etubpm
VCU,t3_etudd5
Villanova,t3_etubvd
Virginia Tech,t3_etuc2a
Wake Forest,t3_etuc74
Washington University in St. Louis,t3_etucd7
Washington and Lee,t3_etucie
Washington State (WSU,t3_ewx8je
Wellesley,t3_etucn4
Wesleyan,t3_etucqc
William and Mary,t3_etucti
Whitman,t3_etucxc
Whitworth,t3_etud0w
Williams,t3_etud56
WPI,t3_etud8w
Yale,t3_etudhx